#Release 14.7 - par P.20131013 (nt)
#Copyright (c) 1995-2013 Xilinx, Inc.  All rights reserved.

#Thu Jul 20 21:34:33 2017

#
## NOTE: This file is designed to be imported into a spreadsheet program
# such as Microsoft Excel for viewing, printing and sorting. The |
# character is used as the data field separator. This file is also designed
# to support parsing.
#
#INPUT FILE:       alu_map.ncd
#OUTPUT FILE:      alu_pad.csv
#PART TYPE:        xc3s50a
#SPEED GRADE:      -4
#PACKAGE:          tq144
#
# Pinout by Pin Number:
# 
# -----,-----,-----,-----,-----,-----,-----,-----,-----,-----,-----,-----,-----,-----,-----,
Pin Number,Signal Name,Pin Usage,Pin Name,Direction,IO Standard,IO Bank Number,Drive (mA),Slew Rate,Termination,IOB Delay,Voltage,Constraint,IO Register,Signal Integrity,
P1,,,TMS,,,,,,,,,,,,
P2,,,TDI,,,,,,,,,,,,
P3,,DIFFMLR,IO_L02P_3,UNUSED,,3,,,,,,,,,
P4,,DIFFMLR,IO_L01P_3,UNUSED,,3,,,,,,,,,
P5,,DIFFSLR,IO_L02N_3,UNUSED,,3,,,,,,,,,
P6,,DIFFSLR,IO_L01N_3,UNUSED,,3,,,,,,,,,
P7,,DIFFMLR,IO_L03P_3,UNUSED,,3,,,,,,,,,
P8,,DIFFSLR,IO_L03N_3,UNUSED,,3,,,,,,,,,
P9,,,GND,,,,,,,,,,,,
P10,,DIFFMLR,IO_L04P_3,UNUSED,,3,,,,,,,,,
P11,,DIFFSLR,IO_L04N_3/VREF_3,UNUSED,,3,,,,,,,,,
P12,,DIFFMLR,IO_L05P_3/LHCLK0,UNUSED,,3,,,,,,,,,
P13,,DIFFSLR,IO_L05N_3/LHCLK1,UNUSED,,3,,,,,,,,,
P14,,,VCCO_3,,,3,,,,,any******,,,,
P15,,DIFFMLR,IO_L06P_3/LHCLK2,UNUSED,,3,,,,,,,,,
P16,,DIFFSLR,IO_L06N_3/IRDY2/LHCLK3,UNUSED,,3,,,,,,,,,
P17,,,GND,,,,,,,,,,,,
P18,,DIFFMLR,IO_L07P_3/LHCLK4,UNUSED,,3,,,,,,,,,
P19,,DIFFMLR,IO_L08P_3/TRDY2/LHCLK6,UNUSED,,3,,,,,,,,,
P20,,DIFFSLR,IO_L07N_3/LHCLK5,UNUSED,,3,,,,,,,,,
P21,,DIFFSLR,IO_L08N_3/LHCLK7,UNUSED,,3,,,,,,,,,
P22,,,VCCINT,,,,,,,,1.2,,,,
P23,,,VCCO_3,,,3,,,,,any******,,,,
P24,,DIFFMLR,IO_L09P_3,UNUSED,,3,,,,,,,,,
P25,,DIFFSLR,IO_L09N_3,UNUSED,,3,,,,,,,,,
P26,,,GND,,,,,,,,,,,,
P27,,DIFFMLR,IO_L10P_3,UNUSED,,3,,,,,,,,,
P28,,DIFFMLR,IO_L11P_3,UNUSED,,3,,,,,,,,,
P29,,DIFFSLR,IO_L10N_3,UNUSED,,3,,,,,,,,,
P30,,DIFFSLR,IO_L11N_3,UNUSED,,3,,,,,,,,,
P31,,DIFFMLR,IO_L12P_3,UNUSED,,3,,,,,,,,,
P32,,DIFFSLR,IO_L12N_3,UNUSED,,3,,,,,,,,,
P33,,DIFFMI_NDT,IP_L13P_3,UNUSED,,3,,,,,,,,,
P34,,,GND,,,,,,,,,,,,
P35,,DIFFSI_NDT,IP_L13N_3/VREF_3,UNUSED,,3,,,,,,,,,
P36,,,VCCAUX,,,,,,,,2.5,,,,
P37,RGA<3>,IBUF,IO_L01P_2/M1,INPUT,LVCMOS25*,2,,,,IBUF,,UNLOCATED,NO,NONE,
P38,RGB<2>,IBUF,IO_L01N_2/M0,INPUT,LVCMOS25*,2,,,,IBUF,,UNLOCATED,NO,NONE,
P39,RGB<1>,IBUF,IO_L02P_2/M2,INPUT,LVCMOS25*,2,,,,IBUF,,UNLOCATED,NO,NONE,
P40,,,VCCO_2,,,2,,,,,2.50,,,,
P41,RGB<4>,IBUF,IO_L02N_2/CSO_B,INPUT,LVCMOS25*,2,,,,IBUF,,UNLOCATED,NO,NONE,
P42,RGB<5>,IBUF,IO_L03P_2/RDWR_B,INPUT,LVCMOS25*,2,,,,IBUF,,UNLOCATED,NO,NONE,
P43,RGB<6>,IBUF,IO_L04P_2/VS2,INPUT,LVCMOS25*,2,,,,IBUF,,UNLOCATED,NO,NONE,
P44,RGB<7>,IBUF,IO_L03N_2/VS1,INPUT,LVCMOS25*,2,,,,IBUF,,UNLOCATED,NO,NONE,
P45,RGB<3>,IBUF,IO_L04N_2/VS0,INPUT,LVCMOS25*,2,,,,IBUF,,UNLOCATED,NO,NONE,
P46,RGZ<0>,IOB,IO_L05P_2,OUTPUT,LVCMOS25*,2,12,SLOW,NONE**,,,LOCATED,NO,NONE,
P47,RGZ<1>,IOB,IO_L06P_2,OUTPUT,LVCMOS25*,2,12,SLOW,NONE**,,,LOCATED,NO,NONE,
P48,RGZ<2>,IOB,IO_L05N_2/D7,OUTPUT,LVCMOS25*,2,12,SLOW,NONE**,,,LOCATED,NO,NONE,
P49,RGZ<3>,IOB,IO_L06N_2/D6,OUTPUT,LVCMOS25*,2,12,SLOW,NONE**,,,LOCATED,NO,NONE,
P50,RGZ<4>,IOB,IO_L07P_2/D5,OUTPUT,LVCMOS25*,2,12,SLOW,NONE**,,,LOCATED,NO,NONE,
P51,RGZ<5>,IOB,IO_L07N_2/D4,OUTPUT,LVCMOS25*,2,12,SLOW,NONE**,,,LOCATED,NO,NONE,
P52,,,VCCINT,,,,,,,,1.2,,,,
P53,RGA<4>,IBUF,IP_2/VREF_2,INPUT,LVCMOS25*,2,,,,IBUF,,UNLOCATED,NO,NONE,
P54,RGZ<6>,IOB,IO_L08P_2/GCLK14,OUTPUT,LVCMOS25*,2,12,SLOW,NONE**,,,LOCATED,NO,NONE,
P55,RGZ<7>,IOB,IO_L08N_2/GCLK15,OUTPUT,LVCMOS25*,2,12,SLOW,NONE**,,,LOCATED,NO,NONE,
P56,,,GND,,,,,,,,,,,,
P57,RGA<5>,IBUF,IO_L09P_2/GCLK0,INPUT,LVCMOS25*,2,,,,IBUF,,UNLOCATED,NO,NONE,
P58,RGB<0>,IBUF,IO_L10P_2/GCLK2,INPUT,LVCMOS25*,2,,,PULLUP,IBUF,,LOCATED,NO,NONE,
P59,RGA<2>,IBUF,IO_L09N_2/GCLK1,INPUT,LVCMOS25*,2,,,PULLUP,IBUF,,LOCATED,NO,NONE,
P60,RGA<1>,IBUF,IO_L10N_2/GCLK3,INPUT,LVCMOS25*,2,,,PULLUP,IBUF,,LOCATED,NO,NONE,
P61,,,VCCO_2,,,2,,,,,2.50,,,,
P62,RGA<6>,IBUF,IO_2/MOSI/CSI_B,INPUT,LVCMOS25*,2,,,,IBUF,,UNLOCATED,NO,NONE,
P63,RGA<0>,IBUF,IO_L11P_2/AWAKE,INPUT,LVCMOS25*,2,,,PULLUP,IBUF,,LOCATED,NO,NONE,
P64,OPT<1>,IBUF,IO_L11N_2/DOUT,INPUT,LVCMOS25*,2,,,PULLUP,IBUF,,LOCATED,NO,NONE,
P65,,,GND,,,,,,,,,,,,
P66,,,VCCAUX,,,,,,,,2.5,,,,
P67,RGA<7>,IBUF,IO_L12P_2/INIT_B,INPUT,LVCMOS25*,2,,,,IBUF,,UNLOCATED,NO,NONE,
P68,OPT<0>,IBUF,IO_L12N_2/D3,INPUT,LVCMOS25*,2,,,PULLUP,IBUF,,LOCATED,NO,NONE,
P69,KEY<1>,IBUF,IO_L13P_2/D2,INPUT,LVCMOS25*,2,,,PULLUP,IBUF,,LOCATED,NO,NONE,
P70,KEY<0>,IBUF,IO_L14P_2/D1,INPUT,LVCMOS25*,2,,,PULLUP,IBUF,,LOCATED,NO,NONE,
P71,OPT<2>,IBUF,IO_L13N_2/D0/DIN/MISO,INPUT,LVCMOS25*,2,,,,IBUF,,UNLOCATED,NO,NONE,
P72,OPT<3>,IBUF,IO_L14N_2/CCLK,INPUT,LVCMOS25*,2,,,,IBUF,,UNLOCATED,NO,NONE,
P73,,,DONE,,,,,,,,,,,,
P74,,,SUSPEND,,,,,,,,,,,,
P75,OPT<6>,IBUF,IO_L02P_1/LDC1,INPUT,LVCMOS25*,1,,,,IBUF,,UNLOCATED,NO,NONE,
P76,OPT<4>,IBUF,IO_L01P_1/HDC,INPUT,LVCMOS25*,1,,,,IBUF,,UNLOCATED,NO,NONE,
P77,OPT<7>,IBUF,IO_L02N_1/LDC0,INPUT,LVCMOS25*,1,,,,IBUF,,UNLOCATED,NO,NONE,
P78,OPT<5>,IBUF,IO_L01N_1/LDC2,INPUT,LVCMOS25*,1,,,,IBUF,,UNLOCATED,NO,NONE,
P79,RST,IBUF,IO_1,INPUT,LVCMOS25*,1,,,PULLUP,IBUF,,LOCATED,NO,NONE,
P80,CLK,IBUF,IP_1/VREF_1,INPUT,LVCMOS25*,1,,,PULLUP,IBUF,,LOCATED,NO,NONE,
P81,,,GND,,,,,,,,,,,,
P82,,DIFFMLR,IO_L03P_1,UNUSED,,1,,,,,,,,,
P83,,DIFFMLR,IO_L04P_1/RHCLK0,UNUSED,,1,,,,,,,,,
P84,,DIFFSLR,IO_L03N_1,UNUSED,,1,,,,,,,,,
P85,,DIFFSLR,IO_L04N_1/RHCLK1,UNUSED,,1,,,,,,,,,
P86,,,VCCO_1,,,1,,,,,any******,,,,
P87,,DIFFMLR,IO_L05P_1/RHCLK2,UNUSED,,1,,,,,,,,,
P88,,DIFFSLR,IO_L05N_1/TRDY1/RHCLK3,UNUSED,,1,,,,,,,,,
P89,,,GND,,,,,,,,,,,,
P90,,DIFFMLR,IO_L06P_1/RHCLK4,UNUSED,,1,,,,,,,,,
P91,,DIFFMLR,IO_L07P_1/IRDY1/RHCLK6,UNUSED,,1,,,,,,,,,
P92,,DIFFSLR,IO_L06N_1/RHCLK5,UNUSED,,1,,,,,,,,,
P93,,DIFFSLR,IO_L07N_1/RHCLK7,UNUSED,,1,,,,,,,,,
P94,,,VCCINT,,,,,,,,1.2,,,,
P95,,,VCCO_1,,,1,,,,,any******,,,,
P96,,DIFFMLR,IO_L08P_1,UNUSED,,1,,,,,,,,,
P97,,DIFFMI_NDT,IP_1/VREF_1,UNUSED,,1,,,,,,,,,
P98,,DIFFSLR,IO_L08N_1,UNUSED,,1,,,,,,,,,
P99,,DIFFMLR,IO_L09P_1,UNUSED,,1,,,,,,,,,
P100,,,GND,,,,,,,,,,,,
P101,,DIFFSLR,IO_L09N_1,UNUSED,,1,,,,,,,,,
P102,,DIFFMLR,IO_L10P_1,UNUSED,,1,,,,,,,,,
P103,,DIFFMLR,IO_L11P_1,UNUSED,,1,,,,,,,,,
P104,,DIFFSLR,IO_L10N_1,UNUSED,,1,,,,,,,,,
P105,,DIFFSLR,IO_L11N_1,UNUSED,,1,,,,,,,,,
P106,,,GND,,,,,,,,,,,,
P107,,,TDO,,,,,,,,,,,,
P108,,,VCCAUX,,,,,,,,2.5,,,,
P109,,,TCK,,,,,,,,,,,,
P110,,DIFFMTB,IO_L01P_0,UNUSED,,0,,,,,,,,,
P111,,DIFFSTB,IO_L01N_0,UNUSED,,0,,,,,,,,,
P112,,DIFFMTB,IO_L02P_0/VREF_0,UNUSED,,0,,,,,,,,,
P113,,DIFFSTB,IO_L02N_0,UNUSED,,0,,,,,,,,,
P114,,DIFFMTB,IO_L04P_0,UNUSED,,0,,,,,,,,,
P115,,DIFFMTB,IO_L03P_0,UNUSED,,0,,,,,,,,,
P116,,DIFFSTB,IO_L04N_0,UNUSED,,0,,,,,,,,,
P117,,DIFFSTB,IO_L03N_0,UNUSED,,0,,,,,,,,,
P118,,,GND,,,,,,,,,,,,
P119,,,VCCO_0,,,0,,,,,any******,,,,
P120,,DIFFMTB,IO_L05P_0,UNUSED,,0,,,,,,,,,
P121,,DIFFSTB,IO_L05N_0,UNUSED,,0,,,,,,,,,
P122,,,VCCINT,,,,,,,,1.2,,,,
P123,,IBUF,IP_0/VREF_0,UNUSED,,0,,,,,,,,,
P124,,DIFFMTB,IO_L06P_0/GCLK4,UNUSED,,0,,,,,,,,,
P125,,DIFFMTB,IO_L07P_0/GCLK6,UNUSED,,0,,,,,,,,,
P126,,DIFFSTB,IO_L06N_0/GCLK5,UNUSED,,0,,,,,,,,,
P127,,DIFFSTB,IO_L07N_0/GCLK7,UNUSED,,0,,,,,,,,,
P128,,,GND,,,,,,,,,,,,
P129,,DIFFMTB,IO_L08P_0/GCLK8,UNUSED,,0,,,,,,,,,
P130,,DIFFMTB,IO_L09P_0/GCLK10,UNUSED,,0,,,,,,,,,
P131,,DIFFSTB,IO_L08N_0/GCLK9,UNUSED,,0,,,,,,,,,
P132,,DIFFSTB,IO_L09N_0/GCLK11,UNUSED,,0,,,,,,,,,
P133,,,VCCAUX,,,,,,,,2.5,,,,
P134,,DIFFMTB,IO_L10P_0,UNUSED,,0,,,,,,,,,
P135,,DIFFSTB,IO_L10N_0,UNUSED,,0,,,,,,,,,
P136,,,VCCO_0,,,0,,,,,any******,,,,
P137,,,GND,,,,,,,,,,,,
P138,,DIFFMTB,IO_L11P_0,UNUSED,,0,,,,,,,,,
P139,,DIFFSTB,IO_L11N_0,UNUSED,,0,,,,,,,,,
P140,,IBUF,IP_0,UNUSED,,0,,,,,,,,,
P141,,DIFFMTB,IO_L12P_0/VREF_0,UNUSED,,0,,,,,,,,,
P142,,DIFFSTB,IO_0,UNUSED,,0,,,,,,,,,
P143,,DIFFSTB,IO_L12N_0/PUDC_B,UNUSED,,0,,,,,,,,,
P144,,,PROG_B,,,,,,,,,,,,

# -----,-----,-----,-----,-----,-----,-----,-----,-----,-----,-----,-----,-----,-----,-----,
# 
#* Default value.
#** This default Pullup/Pulldown value can be overridden in Bitgen. 
#****** Special VCCO requirements may apply. Please consult the device 
#       family datasheet for specific guideline on VCCO requirements. 
#
#
#